"Variable / Field Name","Form Name","Section Header","Field Type","Field Label","Choices, Calculations, OR Slider Labels","Field Note","Text Validation Type OR Show Slider Number","Text Validation Min","Text Validation Max",Identifier?,"Branching Logic (Show field only if...)","Required Field?","Custom Alignment","Question Number (surveys only)","Matrix Group Name","Matrix Ranking?","Field Annotation"
record_id,informed_consent,,text,"Participant ID",,"Format: METSAFE-001",,,,,,,,,,,
consent_date,informed_consent,"Informed Consent (ICH-GCP E6)",text,"Date informed consent signed",,,date_ymd,,,,,y,,,,,
consent_version,informed_consent,,text,"Version of consent form used",,"e.g. v1.0",,,,,,,,,,,
consent_signed,informed_consent,,yesno,"Informed consent signed and dated by participant?",,,,,,,,y,,,,,
consent_by,informed_consent,,text,"Person who obtained consent (initials)",,,,,,,,,,,,,
incl_age,eligibility,"Eligibility Criteria",yesno,"Inclusion: Age 18 years or older?",,,,,,,,y,,,,,
incl_t2dm,eligibility,,yesno,"Inclusion: Diagnosed with type 2 diabetes mellitus?",,,,,,,,y,,,,,
incl_metformin,eligibility,,yesno,"Inclusion: Prescribed metformin by treating physician?",,,,,,,,y,,,,,
excl_egfr,eligibility,,yesno,"Exclusion: eGFR below 30 mL/min/1.73 m2?",,,,,,,,y,,,,,
excl_pregnant,eligibility,,yesno,"Exclusion: Pregnant or breastfeeding?",,,,,,,,y,,,,,
excl_hypersens,eligibility,,yesno,"Exclusion: Known hypersensitivity to metformin?",,,,,,,,y,,,,,
eligible,eligibility,,calc,"Eligible for study? (1 = Yes, 0 = No)","if([incl_age]=1 and [incl_t2dm]=1 and [incl_metformin]=1 and [excl_egfr]=0 and [excl_pregnant]=0 and [excl_hypersens]=0, 1, 0)","Auto-calculated from the answers above",,,,,,,,,,,
dob,demographics,"Demographics and Baseline Characteristics",text,"Date of birth",,,date_ymd,,,y,,y,,,,,"#IDENTIFIER (fictional data only)"
sex,demographics,,radio,Sex,"1, Female | 2, Male | 3, Other",,,,,,,y,,,,,
age,demographics,,calc,"Age (years)","rounddown(datediff([dob], ""today"", ""y"", true), 0)","Auto-calculated from date of birth",,,,,,,,,,,
height_cm,demographics,,text,"Height (cm)",,,number,100,220,,,y,,,,,
weight_kg,demographics,,text,"Weight (kg)",,,number,30,200,,,y,,,,,
bmi,demographics,,calc,"BMI (kg/m2)","round([weight_kg]/(([height_cm]/100)*([height_cm]/100)), 1)",Auto-calculated,,,,,,,,,,,
smoking,demographics,,radio,"Smoking status","0, Never | 1, Former | 2, Current",,,,,,,,,,,,
alcohol,demographics,,radio,"Alcohol use","0, None | 1, Occasional | 2, Regular",,,,,,,,,,,,
t2dm_duration,medical_history,"Medical History",text,"Duration of type 2 diabetes (years)",,,number,0,60,,,,,,,,
comorbidities,medical_history,,checkbox,"Comorbid conditions (select all that apply)","1, Hypertension | 2, Dyslipidaemia | 3, Chronic kidney disease | 4, Coronary artery disease | 5, Liver disease | 6, Heart failure | 7, Other",,,,,,,,,,,,
comorb_other,medical_history,,text,"Specify other comorbidity",,,,,,,[comorbidities(7)]='1',,,,,,
prior_adr,medical_history,,yesno,"History of adverse reaction to any drug?",,,,,,,,,,,,,
prior_adr_detail,medical_history,,notes,"Describe previous adverse drug reaction",,,,,,,[prior_adr]='1',,,,,,
drug_name,study_drug_exposure,"Study Drug Exposure",dropdown,"Study drug formulation","1, Metformin immediate release | 2, Metformin extended release",,,,,,,y,,,,,
drug_dose_mg,study_drug_exposure,,text,"Dose per administration (mg)",,,integer,250,1500,,,y,,,,,
drug_freq,study_drug_exposure,,dropdown,Frequency,"1, Once daily | 2, Twice daily | 3, Three times daily",,,,,,,y,,,,,
drug_start_date,study_drug_exposure,,text,"Drug start date",,,date_ymd,,,,,y,,,,,
drug_status,study_drug_exposure,,radio,"Current status of study drug","1, Continuing | 2, Dose reduced | 3, Temporarily interrupted | 4, Permanently discontinued",,,,,,,y,,,,,
drug_stop_date,study_drug_exposure,,text,"Date drug interrupted or stopped",,,date_ymd,,,,"[drug_status]='3' or [drug_status]='4'",,,,,,
cm_name,concomitant_medications,"Concomitant Medications (add one entry per drug)",text,"Concomitant medication name",,"Use generic name where possible",,,,,,y,,,,,
cm_indication,concomitant_medications,,text,Indication,,,,,,,,,,,,,
cm_dose,concomitant_medications,,text,"Dose, route and frequency",,"e.g. 5 mg oral once daily",,,,,,,,,,,
cm_start_date,concomitant_medications,,text,"Start date",,,date_ymd,,,,,,,,,,
cm_stop_date,concomitant_medications,,text,"Stop date (leave blank if ongoing)",,,date_ymd,,,,,,,,,,
ae_term,adverse_event,"Adverse Event Description",text,"Adverse event term (verbatim, as reported)",,"Write exactly as the reporter described it",,,,,,y,,,,,
ae_meddra_pt,adverse_event,,text,"MedDRA Preferred Term (PT) - manual coding",,"Optional. Enter coded term if you have MedDRA access",,,,,,,,,,,"Placeholder for MedDRA coding"
ae_meddra_soc,adverse_event,,text,"MedDRA System Organ Class (SOC)",,Optional,,,,,,,,,,,
ae_onset_date,adverse_event,,text,"Event onset date",,,date_ymd,,,,,y,,,,,
ae_ongoing,adverse_event,,yesno,"Is the event ongoing?",,,,,,,,y,,,,,
ae_stop_date,adverse_event,,text,"Event stop date",,,date_ymd,,,,[ae_ongoing]='0',,,,,,
ae_severity,adverse_event,"Seriousness and Severity",radio,Severity,"1, Mild | 2, Moderate | 3, Severe",,,,,,,y,,,,,
ae_serious,adverse_event,,yesno,"Is the event serious?",,,,,,,,y,,,,,
ae_serious_criteria,adverse_event,,checkbox,"Seriousness criteria (select all that apply)","1, Death | 2, Life-threatening | 3, Hospitalisation (initial or prolonged) | 4, Persistent or significant disability | 5, Congenital anomaly or birth defect | 6, Other medically important event",,,,,,[ae_serious]='1',,,,,,
ae_expectedness,adverse_event,,radio,"Expectedness (versus reference safety information)","1, Listed (expected) | 2, Unlisted (unexpected) | 3, Unknown","Compare against the metformin prescribing information",,,,,,,,,,,
ae_action,adverse_event,"Action, Treatment and Outcome",radio,"Action taken with study drug","1, Drug withdrawn | 2, Dose reduced | 3, Dose increased | 4, Dose not changed | 5, Drug interrupted | 6, Not applicable | 7, Unknown",,,,,,,y,,,,,
ae_dechallenge,adverse_event,,radio,"Dechallenge result (event after stopping drug)","1, Positive (improved) | 2, Negative (no change) | 3, Not applicable | 4, Unknown",,,,,,"[ae_action]='1' or [ae_action]='5'",,,,,,
ae_treatment,adverse_event,,yesno,"Was treatment given for the event?",,,,,,,,,,,,,
ae_treatment_detail,adverse_event,,text,"Treatment given",,,,,,,[ae_treatment]='1',,,,,,
ae_outcome,adverse_event,,radio,Outcome,"1, Recovered / resolved | 2, Recovering / resolving | 3, Not recovered / not resolved | 4, Recovered with sequelae | 5, Fatal | 6, Unknown",,,,,,,y,,,,,
ae_causality,adverse_event,"Causality Assessment and Reporting",radio,"Causality assessment (WHO-UMC)","1, Certain | 2, Probable / Likely | 3, Possible | 4, Unlikely | 5, Conditional / Unclassified | 6, Unassessable / Unclassifiable",,,,,,,y,,,,,
ae_causality_rationale,adverse_event,,notes,"Rationale for causality (temporal relationship, dechallenge, alternative causes)",,,,,,,,,,,,,
ae_reporter,adverse_event,,radio,"Initial reporter","1, Physician | 2, Pharmacist | 3, Nurse | 4, Patient | 5, Other",,,,,,,,,,,,
ae_received_date,adverse_event,,text,"Date report first received",,,date_ymd,,,,,,,,,,
lab_visit,lab_results,"Laboratory Results (add one entry per visit)",dropdown,Visit,"1, Baseline | 2, Week 4 | 3, Week 12 | 4, Unscheduled",,,,,,,y,,,,,
lab_date,lab_results,,text,"Date of sample",,,date_ymd,,,,,y,,,,,
hba1c,lab_results,,text,"HbA1c (%)",,,number,3,20,,,,,,,,
fpg,lab_results,,text,"Fasting plasma glucose (mg/dL)",,,integer,40,600,,,,,,,,
creatinine,lab_results,,text,"Serum creatinine (mg/dL)",,,number,0.2,10,,,,,,,,
egfr,lab_results,,text,"eGFR (mL/min/1.73 m2)",,,number,5,150,,,,,,,,
alt,lab_results,,text,"ALT (U/L)",,,integer,5,1000,,,,,,,,
ast,lab_results,,text,"AST (U/L)",,,integer,5,1000,,,,,,,,
lactate,lab_results,,text,"Serum lactate (mmol/L)",,"Relevant to metformin-associated lactic acidosis",number,0.2,20,,,,,,,,
vit_b12,lab_results,,text,"Vitamin B12 (pg/mL)",,,integer,50,2000,,,,,,,,
alt_flag,lab_results,,calc,"ALT above 3x upper limit of normal? (1 = Yes, 0 = No)","if([alt]="""", """", if([alt]>120, 1, 0))","Assumes ULN = 40 U/L (mock threshold)",,,,,,,,,,,
eos_date,end_of_study,"End of Study",text,"Date of study completion or withdrawal",,,date_ymd,,,,,y,,,,,
eos_status,end_of_study,,radio,"Reason for study completion","1, Completed study | 2, Withdrew consent | 3, Lost to follow-up | 4, Discontinued drug due to adverse event | 5, Death | 6, Other",,,,,,,y,,,,,
eos_reason,end_of_study,,text,"Specify other reason",,,,,,,[eos_status]='6',,,,,,
eos_signoff,end_of_study,,text,"Investigator initials",,,,,,,,,,,,,
