record_id,redcap_repeat_instrument,redcap_repeat_instance,consent_date,consent_version,consent_signed,consent_by,incl_age,incl_t2dm,incl_metformin,excl_egfr,excl_pregnant,excl_hypersens,dob,sex,height_cm,weight_kg,smoking,alcohol,t2dm_duration,comorbidities___1,comorbidities___2,comorbidities___3,comorbidities___4,comorbidities___5,comorbidities___6,comorbidities___7,comorb_other,prior_adr,prior_adr_detail,drug_name,drug_dose_mg,drug_freq,drug_start_date,drug_status,drug_stop_date,eos_date,eos_status,eos_reason,eos_signoff,cm_name,cm_indication,cm_dose,cm_start_date,cm_stop_date,ae_term,ae_meddra_pt,ae_meddra_soc,ae_onset_date,ae_ongoing,ae_stop_date,ae_severity,ae_serious,ae_serious_criteria___1,ae_serious_criteria___2,ae_serious_criteria___3,ae_serious_criteria___4,ae_serious_criteria___5,ae_serious_criteria___6,ae_expectedness,ae_action,ae_dechallenge,ae_treatment,ae_treatment_detail,ae_outcome,ae_causality,ae_causality_rationale,ae_reporter,ae_received_date,lab_visit,lab_date,hba1c,fpg,creatinine,egfr,alt,ast,lactate,vit_b12,informed_consent_complete,eligibility_complete,demographics_complete,medical_history_complete,study_drug_exposure_complete,end_of_study_complete,concomitant_medications_complete,adverse_event_complete,lab_results_complete
1,,,2026-05-01,v1.0,1,PS,1,1,1,0,0,0,1968-03-15,1,158,72,0,0,8,1,0,0,0,0,0,0,,0,,2,500,2,2026-05-04,1,,2026-07-27,1,,PS,,,,,,,,,,,,,,,,,,,,,,,,,,,,,,,,,,,,,,,,2,2,2,2,2,2,,,
1,concomitant_medications,1,,,,,,,,,,,,,,,,,,,,,,,,,,,,,,,,,,,,,,Amlodipine,Hypertension,5 mg oral once daily,2023-02-10,,,,,,,,,,,,,,,,,,,,,,,,,,,,,,,,,,,,,,,,,,2,,
1,adverse_event,1,,,,,,,,,,,,,,,,,,,,,,,,,,,,,,,,,,,,,,,,,,,Nausea and loose stools,Nausea,Gastrointestinal disorders,2026-05-12,0,2026-05-16,1,0,0,0,0,0,0,0,1,4,,0,,1,2,"Onset after starting metformin, settled by itself, known GI effect",1,2026-05-13,,,,,,,,,,,,,,,,,,2,
1,lab_results,1,,,,,,,,,,,,,,,,,,,,,,,,,,,,,,,,,,,,,,,,,,,,,,,,,,,,,,,,,,,,,,,,,,,1,2026-05-03,8.4,168,0.8,88,28,24,1.1,420,,,,,,,,,2
1,lab_results,2,,,,,,,,,,,,,,,,,,,,,,,,,,,,,,,,,,,,,,,,,,,,,,,,,,,,,,,,,,,,,,,,,,,2,2026-06-01,,140,0.8,87,30,26,1.2,,,,,,,,,,2
1,lab_results,3,,,,,,,,,,,,,,,,,,,,,,,,,,,,,,,,,,,,,,,,,,,,,,,,,,,,,,,,,,,,,,,,,,,3,2026-07-27,7.6,128,0.8,89,29,25,1.3,390,,,,,,,,,2
2,,,2026-05-02,v1.0,1,PS,1,1,1,0,0,0,1959-07-22,2,170,85,1,1,12,1,1,0,1,0,0,0,,0,,1,850,2,2026-05-05,1,,2026-07-28,1,,PS,,,,,,,,,,,,,,,,,,,,,,,,,,,,,,,,,,,,,,,,2,2,2,2,2,2,,,
2,concomitant_medications,1,,,,,,,,,,,,,,,,,,,,,,,,,,,,,,,,,,,,,,Telmisartan,Hypertension,40 mg oral once daily,2018-04-02,,,,,,,,,,,,,,,,,,,,,,,,,,,,,,,,,,,,,,,,,,2,,
2,concomitant_medications,2,,,,,,,,,,,,,,,,,,,,,,,,,,,,,,,,,,,,,,Atorvastatin,Dyslipidaemia,20 mg oral once daily,2018-04-02,,,,,,,,,,,,,,,,,,,,,,,,,,,,,,,,,,,,,,,,,,2,,
2,concomitant_medications,3,,,,,,,,,,,,,,,,,,,,,,,,,,,,,,,,,,,,,,Aspirin,Secondary prevention (CAD),75 mg oral once daily,2021-09-15,,,,,,,,,,,,,,,,,,,,,,,,,,,,,,,,,,,,,,,,,,2,,
2,concomitant_medications,4,,,,,,,,,,,,,,,,,,,,,,,,,,,,,,,,,,,,,,Glimepiride,Type 2 diabetes,2 mg oral once daily,2020-01-20,,,,,,,,,,,,,,,,,,,,,,,,,,,,,,,,,,,,,,,,,,2,,
2,adverse_event,1,,,,,,,,,,,,,,,,,,,,,,,,,,,,,,,,,,,,,,,,,,,Metallic taste in mouth,Dysgeusia,Nervous system disorders,2026-05-19,1,,1,0,0,0,0,0,0,0,1,4,,0,,3,2,"Known effect, started two weeks after drug start",1,2026-05-20,,,,,,,,,,,,,,,,,,2,
2,adverse_event,2,,,,,,,,,,,,,,,,,,,,,,,,,,,,,,,,,,,,,,,,,,,Loose motions,Diarrhoea,Gastrointestinal disorders,2026-05-15,0,2026-05-25,1,0,0,0,0,0,0,0,1,4,,0,,1,2,"Temporal link, resolved without change in dose",1,2026-05-16,,,,,,,,,,,,,,,,,,2,
2,lab_results,1,,,,,,,,,,,,,,,,,,,,,,,,,,,,,,,,,,,,,,,,,,,,,,,,,,,,,,,,,,,,,,,,,,,1,2026-05-04,9.1,192,1.0,78,34,30,1.3,380,,,,,,,,,2
2,lab_results,2,,,,,,,,,,,,,,,,,,,,,,,,,,,,,,,,,,,,,,,,,,,,,,,,,,,,,,,,,,,,,,,,,,,2,2026-06-02,,155,1.0,77,36,31,1.4,,,,,,,,,,2
2,lab_results,3,,,,,,,,,,,,,,,,,,,,,,,,,,,,,,,,,,,,,,,,,,,,,,,,,,,,,,,,,,,,,,,,,,,3,2026-07-28,7.9,138,1.1,72,38,32,1.5,350,,,,,,,,,2
3,,,2026-05-08,v1.0,1,PS,1,1,1,0,0,0,1982-11-09,1,162,58,0,0,3,0,0,0,0,0,0,0,,0,,2,1000,1,2026-05-11,1,,2026-08-03,1,,PS,,,,,,,,,,,,,,,,,,,,,,,,,,,,,,,,,,,,,,,,2,2,2,2,2,2,,,
3,lab_results,1,,,,,,,,,,,,,,,,,,,,,,,,,,,,,,,,,,,,,,,,,,,,,,,,,,,,,,,,,,,,,,,,,,,1,2026-05-10,7.3,142,0.7,108,22,20,1.0,450,,,,,,,,,2
3,lab_results,2,,,,,,,,,,,,,,,,,,,,,,,,,,,,,,,,,,,,,,,,,,,,,,,,,,,,,,,,,,,,,,,,,,,2,2026-06-08,,118,0.7,107,24,21,1.1,,,,,,,,,,2
3,lab_results,3,,,,,,,,,,,,,,,,,,,,,,,,,,,,,,,,,,,,,,,,,,,,,,,,,,,,,,,,,,,,,,,,,,,3,2026-08-03,6.5,104,0.7,106,23,21,1.0,430,,,,,,,,,2
4,,,2026-05-09,v1.0,1,PS,1,1,1,0,0,0,1975-01-30,2,175,98,2,2,6,1,1,0,0,0,0,0,,0,,1,500,3,2026-05-12,2,,2026-08-04,1,,PS,,,,,,,,,,,,,,,,,,,,,,,,,,,,,,,,,,,,,,,,2,2,2,2,2,2,,,
4,concomitant_medications,1,,,,,,,,,,,,,,,,,,,,,,,,,,,,,,,,,,,,,,Telmisartan,Hypertension,40 mg oral once daily,2022-07-11,,,,,,,,,,,,,,,,,,,,,,,,,,,,,,,,,,,,,,,,,,2,,
4,concomitant_medications,2,,,,,,,,,,,,,,,,,,,,,,,,,,,,,,,,,,,,,,Rosuvastatin,Dyslipidaemia,10 mg oral once daily,2022-07-11,,,,,,,,,,,,,,,,,,,,,,,,,,,,,,,,,,,,,,,,,,2,,
4,adverse_event,1,,,,,,,,,,,,,,,,,,,,,,,,,,,,,,,,,,,,,,,,,,,Severe watery diarrhoea,Diarrhoea,Gastrointestinal disorders,2026-05-17,0,2026-05-14,3,0,0,0,0,0,0,0,1,5,1,1,Oral rehydration solution,1,2,Improved after temporary interruption of drug,1,2026-05-18,,,,,,,,,,,,,,,,,,2,
4,adverse_event,2,,,,,,,,,,,,,,,,,,,,,,,,,,,,,,,,,,,,,,,,,,,Upper abdominal discomfort,Abdominal discomfort,Gastrointestinal disorders,2026-05-21,0,2026-05-28,1,0,0,0,0,0,0,0,1,4,,0,,1,3,"Possible, no other clear cause",1,2026-05-22,,,,,,,,,,,,,,,,,,2,
4,lab_results,1,,,,,,,,,,,,,,,,,,,,,,,,,,,,,,,,,,,,,,,,,,,,,,,,,,,,,,,,,,,,,,,,,,,1,2026-05-11,9.8,225,0.9,92,48,41,1.5,300,,,,,,,,,2
4,lab_results,2,,,,,,,,,,,,,,,,,,,,,,,,,,,,,,,,,,,,,,,,,,,,,,,,,,,,,,,,,,,,,,,,,,,2,2026-06-09,,180,0.9,91,52,44,1.6,,,,,,,,,,2
4,lab_results,3,,,,,,,,,,,,,,,,,,,,,,,,,,,,,,,,,,,,,,,,,,,,,,,,,,,,,,,,,,,,,,,,,,,3,2026-08-04,8.6,162,0.9,90,55,46,1.6,285,,,,,,,,,2
5,,,2026-05-10,v1.0,1,PS,1,1,1,0,0,0,1951-05-18,1,152,64,0,0,18,1,0,1,0,0,0,0,,0,,1,500,2,2026-05-13,2,,2026-08-05,1,,PS,,,,,,,,,,,,,,,,,,,,,,,,,,,,,,,,,,,,,,,,2,2,2,2,2,2,,,
5,concomitant_medications,1,,,,,,,,,,,,,,,,,,,,,,,,,,,,,,,,,,,,,,Amlodipine,Hypertension,5 mg oral once daily,2015-03-01,,,,,,,,,,,,,,,,,,,,,,,,,,,,,,,,,,,,,,,,,,2,,
5,concomitant_medications,2,,,,,,,,,,,,,,,,,,,,,,,,,,,,,,,,,,,,,,Sodium bicarbonate,Chronic kidney disease,500 mg oral twice daily,2025-11-05,,,,,,,,,,,,,,,,,,,,,,,,,,,,,,,,,,,,,,,,,,2,,
5,adverse_event,1,,,,,,,,,,,,,,,,,,,,,,,,,,,,,,,,,,,,,,,,,,,Reduced appetite,Decreased appetite,Metabolism and nutrition disorders,2026-05-23,1,,1,0,0,0,0,0,0,0,1,4,,0,,2,3,"Possible, patient also has CKD",4,2026-05-24,,,,,,,,,,,,,,,,,,2,
5,adverse_event,2,,,,,,,,,,,,,,,,,,,,,,,,,,,,,,,,,,,,,,,,,,,Worsening kidney function (eGFR decline),Glomerular filtration rate decreased,Investigations,2026-08-05,1,,2,1,0,0,0,0,0,0,3,2,,0,,3,3,"Possible, underlying CKD is a confounder",1,2026-08-06,,,,,,,,,,,,,,,,,,2,
5,lab_results,1,,,,,,,,,,,,,,,,,,,,,,,,,,,,,,,,,,,,,,,,,,,,,,,,,,,,,,,,,,,,,,,,,,,1,2026-05-12,8.8,176,1.4,46,26,25,1.4,310,,,,,,,,,2
5,lab_results,2,,,,,,,,,,,,,,,,,,,,,,,,,,,,,,,,,,,,,,,,,,,,,,,,,,,,,,,,,,,,,,,,,,,2,2026-06-10,,150,1.5,43,27,25,1.6,,,,,,,,,,2
5,lab_results,3,,,,,,,,,,,,,,,,,,,,,,,,,,,,,,,,,,,,,,,,,,,,,,,,,,,,,,,,,,,,,,,,,,,3,2026-08-05,8.0,141,1.6,40,28,26,1.8,260,,,,,,,,,2
6,,,2026-05-15,v1.0,1,PS,1,1,1,0,0,0,1990-09-04,2,178,74,0,1,2,0,0,0,0,0,0,0,,0,,2,500,1,2026-05-18,1,,2026-08-10,1,,PS,,,,,,,,,,,,,,,,,,,,,,,,,,,,,,,,,,,,,,,,2,2,2,2,2,2,,,
6,lab_results,1,,,,,,,,,,,,,,,,,,,,,,,,,,,,,,,,,,,,,,,,,,,,,,,,,,,,,,,,,,,,,,,,,,,1,2026-05-17,7.0,131,0.9,110,19,18,0.9,520,,,,,,,,,2
6,lab_results,2,,,,,,,,,,,,,,,,,,,,,,,,,,,,,,,,,,,,,,,,,,,,,,,,,,,,,,,,,,,,,,,,,,,2,2026-06-15,,112,0.9,111,20,19,1.0,,,,,,,,,,2
6,lab_results,3,,,,,,,,,,,,,,,,,,,,,,,,,,,,,,,,,,,,,,,,,,,,,,,,,,,,,,,,,,,,,,,,,,,3,2026-08-10,6.3,101,0.9,110,21,19,1.0,505,,,,,,,,,2
7,,,2026-05-16,v1.0,1,PS,1,1,1,0,0,0,1964-12-12,1,160,79,0,0,10,1,0,0,0,1,0,0,,0,,1,850,2,2026-05-19,2,,2026-08-11,1,,PS,,,,,,,,,,,,,,,,,,,,,,,,,,,,,,,,,,,,,,,,2,2,2,2,2,2,,,
7,concomitant_medications,1,,,,,,,,,,,,,,,,,,,,,,,,,,,,,,,,,,,,,,Telmisartan,Hypertension,40 mg oral once daily,2019-06-18,,,,,,,,,,,,,,,,,,,,,,,,,,,,,,,,,,,,,,,,,,2,,
7,concomitant_medications,2,,,,,,,,,,,,,,,,,,,,,,,,,,,,,,,,,,,,,,Ursodeoxycholic acid,Fatty liver,300 mg oral twice daily,2025-12-01,,,,,,,,,,,,,,,,,,,,,,,,,,,,,,,,,,,,,,,,,,2,,
7,adverse_event,1,,,,,,,,,,,,,,,,,,,,,,,,,,,,,,,,,,,,,,,,,,,Raised liver enzymes (ALT 138 U/L),Alanine aminotransferase increased,Investigations,2026-08-11,1,,2,0,0,0,0,0,0,0,1,2,,0,,3,3,"Possible, underlying fatty liver is a confounder",1,2026-08-12,,,,,,,,,,,,,,,,,,2,
7,lab_results,1,,,,,,,,,,,,,,,,,,,,,,,,,,,,,,,,,,,,,,,,,,,,,,,,,,,,,,,,,,,,,,,,,,,1,2026-05-18,9.0,198,0.9,84,62,50,1.2,410,,,,,,,,,2
7,lab_results,2,,,,,,,,,,,,,,,,,,,,,,,,,,,,,,,,,,,,,,,,,,,,,,,,,,,,,,,,,,,,,,,,,,,2,2026-06-16,,170,0.9,83,98,70,1.3,,,,,,,,,,2
7,lab_results,3,,,,,,,,,,,,,,,,,,,,,,,,,,,,,,,,,,,,,,,,,,,,,,,,,,,,,,,,,,,,,,,,,,,3,2026-08-11,8.1,150,0.9,84,138,92,1.3,395,,,,,,,,,2
8,,,2026-05-17,v1.0,1,PS,1,1,1,0,0,0,1970-06-27,2,168,91,2,2,9,0,1,0,0,0,0,1,Obstructive sleep apnoea,0,,2,1000,2,2026-05-20,1,,2026-08-12,1,,PS,,,,,,,,,,,,,,,,,,,,,,,,,,,,,,,,,,,,,,,,2,2,2,2,2,2,,,
8,concomitant_medications,1,,,,,,,,,,,,,,,,,,,,,,,,,,,,,,,,,,,,,,Atorvastatin,Dyslipidaemia,20 mg oral once daily,2021-02-14,,,,,,,,,,,,,,,,,,,,,,,,,,,,,,,,,,,,,,,,,,2,,
8,concomitant_medications,2,,,,,,,,,,,,,,,,,,,,,,,,,,,,,,,,,,,,,,Glimepiride,Type 2 diabetes,1 mg oral once daily,2024-10-03,,,,,,,,,,,,,,,,,,,,,,,,,,,,,,,,,,,,,,,,,,2,,
8,adverse_event,1,,,,,,,,,,,,,,,,,,,,,,,,,,,,,,,,,,,,,,,,,,,Low vitamin B12 level,Vitamin B12 deficiency,Metabolism and nutrition disorders,2026-08-12,1,,1,0,0,0,0,0,0,0,1,4,,1,Oral vitamin B12 supplement,3,2,"Known long-term effect, B12 fell from 330 to 240 pg/mL",1,2026-08-13,,,,,,,,,,,,,,,,,,2,
8,adverse_event,2,,,,,,,,,,,,,,,,,,,,,,,,,,,,,,,,,,,,,,,,,,,Hypoglycaemia episodes,Hypoglycaemia,Metabolism and nutrition disorders,2026-06-19,0,2026-06-24,2,0,0,0,0,0,0,0,1,4,,1,"Oral glucose, counselling",1,3,"Possible, glimepiride is a confounder",1,2026-06-20,,,,,,,,,,,,,,,,,,2,
8,lab_results,1,,,,,,,,,,,,,,,,,,,,,,,,,,,,,,,,,,,,,,,,,,,,,,,,,,,,,,,,,,,,,,,,,,,1,2026-05-19,9.4,210,1.0,89,44,38,1.4,330,,,,,,,,,2
8,lab_results,2,,,,,,,,,,,,,,,,,,,,,,,,,,,,,,,,,,,,,,,,,,,,,,,,,,,,,,,,,,,,,,,,,,,2,2026-06-17,,172,1.0,88,46,40,1.4,,,,,,,,,,2
8,lab_results,3,,,,,,,,,,,,,,,,,,,,,,,,,,,,,,,,,,,,,,,,,,,,,,,,,,,,,,,,,,,,,,,,,,,3,2026-08-12,8.2,149,1.0,87,47,41,1.5,240,,,,,,,,,2
9,,,2026-05-22,v1.0,1,PS,1,1,1,0,0,0,1957-02-08,1,155,61,0,0,15,1,0,0,1,0,0,0,,1,Skin rash after a sulfonamide antibiotic (2019),1,500,2,2026-05-25,3,2026-06-09,2026-08-17,1,,PS,,,,,,,,,,,,,,,,,,,,,,,,,,,,,,,,,,,,,,,,2,2,2,2,2,2,,,
9,concomitant_medications,1,,,,,,,,,,,,,,,,,,,,,,,,,,,,,,,,,,,,,,Amlodipine,Hypertension,5 mg oral once daily,2012-08-09,,,,,,,,,,,,,,,,,,,,,,,,,,,,,,,,,,,,,,,,,,2,,
9,concomitant_medications,2,,,,,,,,,,,,,,,,,,,,,,,,,,,,,,,,,,,,,,Clopidogrel,Secondary prevention (CAD),75 mg oral once daily,2020-05-22,,,,,,,,,,,,,,,,,,,,,,,,,,,,,,,,,,,,,,,,,,2,,
9,concomitant_medications,3,,,,,,,,,,,,,,,,,,,,,,,,,,,,,,,,,,,,,,Atorvastatin,Dyslipidaemia,20 mg oral once daily,2020-05-22,,,,,,,,,,,,,,,,,,,,,,,,,,,,,,,,,,,,,,,,,,2,,
9,adverse_event,1,,,,,,,,,,,,,,,,,,,,,,,,,,,,,,,,,,,,,,,,,,,Itchy skin rash,Rash,Skin and subcutaneous tissue disorders,2026-05-31,0,2026-06-09,2,0,0,0,0,0,0,0,1,5,1,1,Oral antihistamine,1,3,"Possible, positive dechallenge, previous sulfonamide rash noted",1,2026-06-01,,,,,,,,,,,,,,,,,,2,
9,adverse_event,2,,,,,,,,,,,,,,,,,,,,,,,,,,,,,,,,,,,,,,,,,,,Hair thinning,Alopecia,Skin and subcutaneous tissue disorders,2026-08-13,1,,1,0,0,0,0,0,0,0,2,4,,0,,3,4,"Unlikely, no clear drug link or timing",4,2026-08-16,,,,,,,,,,,,,,,,,,2,
9,lab_results,1,,,,,,,,,,,,,,,,,,,,,,,,,,,,,,,,,,,,,,,,,,,,,,,,,,,,,,,,,,,,,,,,,,,1,2026-05-24,8.6,172,0.9,70,29,27,1.1,350,,,,,,,,,2
9,lab_results,2,,,,,,,,,,,,,,,,,,,,,,,,,,,,,,,,,,,,,,,,,,,,,,,,,,,,,,,,,,,,,,,,,,,2,2026-06-22,,148,0.9,69,30,28,1.2,,,,,,,,,,2
9,lab_results,3,,,,,,,,,,,,,,,,,,,,,,,,,,,,,,,,,,,,,,,,,,,,,,,,,,,,,,,,,,,,,,,,,,,3,2026-08-17,7.7,132,0.9,70,31,29,1.2,340,,,,,,,,,2
10,,,2026-05-23,v1.0,1,PS,1,1,1,0,0,0,1948-10-21,2,165,70,1,0,20,1,0,1,1,0,0,0,,0,,2,500,1,2026-05-26,4,2026-07-06,2026-07-15,4,,PS,,,,,,,,,,,,,,,,,,,,,,,,,,,,,,,,,,,,,,,,2,2,2,2,2,2,,,
10,concomitant_medications,1,,,,,,,,,,,,,,,,,,,,,,,,,,,,,,,,,,,,,,Telmisartan,Hypertension,40 mg oral once daily,2010-11-30,,,,,,,,,,,,,,,,,,,,,,,,,,,,,,,,,,,,,,,,,,2,,
10,concomitant_medications,2,,,,,,,,,,,,,,,,,,,,,,,,,,,,,,,,,,,,,,Aspirin,Secondary prevention (CAD),75 mg oral once daily,2016-03-12,,,,,,,,,,,,,,,,,,,,,,,,,,,,,,,,,,,,,,,,,,2,,
10,concomitant_medications,3,,,,,,,,,,,,,,,,,,,,,,,,,,,,,,,,,,,,,,Atorvastatin,Dyslipidaemia,40 mg oral once daily,2016-03-12,,,,,,,,,,,,,,,,,,,,,,,,,,,,,,,,,,,,,,,,,,2,,
10,adverse_event,1,,,,,,,,,,,,,,,,,,,,,,,,,,,,,,,,,,,,,,,,,,,Nausea,Nausea,Gastrointestinal disorders,2026-06-02,0,2026-06-09,1,0,0,0,0,0,0,0,1,4,,0,,1,2,Known GI effect,1,2026-06-03,,,,,,,,,,,,,,,,,,2,
10,adverse_event,2,,,,,,,,,,,,,,,,,,,,,,,,,,,,,,,,,,,,,,,,,,,Lactic acidosis with dehydration,Lactic acidosis,Metabolism and nutrition disorders,2026-07-06,0,2026-07-15,3,1,0,1,1,0,0,0,1,1,1,1,"Hospital admission, IV fluids, sodium bicarbonate",1,2,"Raised lactate 9.8, eGFR fell to 24 after gastroenteritis, improved after stopping drug",1,2026-07-07,,,,,,,,,,,,,,,,,,2,
10,lab_results,1,,,,,,,,,,,,,,,,,,,,,,,,,,,,,,,,,,,,,,,,,,,,,,,,,,,,,,,,,,,,,,,,,,,1,2026-05-25,8.9,181,1.5,46,31,28,1.6,300,,,,,,,,,2
10,lab_results,2,,,,,,,,,,,,,,,,,,,,,,,,,,,,,,,,,,,,,,,,,,,,,,,,,,,,,,,,,,,,,,,,,,,2,2026-06-23,,165,1.7,38,33,30,2.0,,,,,,,,,,2
10,lab_results,3,,,,,,,,,,,,,,,,,,,,,,,,,,,,,,,,,,,,,,,,,,,,,,,,,,,,,,,,,,,,,,,,,,,4,2026-07-06,,310,2.6,24,44,41,9.8,,,,,,,,,,2
11,,,2026-05-29,v1.0,0,PS,1,1,1,0,0,0,1986-04-14,1,157,66,0,0,4,0,0,0,0,0,0,0,,0,,1,500,2,2026-06-01,1,,2026-07-11,3,,PS,,,,,,,,,,,,,,,,,,,,,,,,,,,,,,,,,,,,,,,,2,2,2,2,2,2,,,
11,adverse_event,1,,,,,,,,,,,,,,,,,,,,,,,,,,,,,,,,,,,,,,,,,,,Stomach discomfort,Abdominal discomfort,Gastrointestinal disorders,2026-06-13,1,,1,0,0,0,0,0,0,0,1,4,,0,,6,3,"Possible, no follow-up after Week 4",4,2026-06-15,,,,,,,,,,,,,,,,,,2,
11,lab_results,1,,,,,,,,,,,,,,,,,,,,,,,,,,,,,,,,,,,,,,,,,,,,,,,,,,,,,,,,,,,,,,,,,,,1,2026-05-31,8.0,156,0.8,94,24,22,1.0,410,,,,,,,,,2
11,lab_results,2,,,,,,,,,,,,,,,,,,,,,,,,,,,,,,,,,,,,,,,,,,,,,,,,,,,,,,,,,,,,,,,,,,,2,2026-06-29,,130,0.8,93,25,23,1.1,,,,,,,,,,2
12,,,2026-05-31,v1.0,1,PS,1,1,1,1,0,0,1979-08-30,2,172,80,,,,,,,,,,,,,,,,,,,,2026-06-03,6,Screen failure - eGFR below 30,PS,,,,,,,,,,,,,,,,,,,,,,,,,,,,,,,,,,,,,,,,2,2,2,,,2,,,
12,lab_results,1,,,,,,,,,,,,,,,,,,,,,,,,,,,,,,,,,,,,,,,,,,,,,,,,,,,,,,,,,,,,,,,,,,,1,2026-06-02,9.2,205,2.4,26,30,28,1.8,,,,,,,,,,2
